"cancellation_policy","room_type","construction_year","service_fee","minimum_nights","number_of_reviews","reviews_per_month","review_rate_number","availability_365","price_usd","months_active","max_stays_per_month"
"moderate","Private room",2014,105,1,45,1.33,2,8,527,33.8345864661654,31
"strict","Private room",2020,64,30,41,0.99,2,63,322,41.4141414141414,1.03333333333333
"strict","Private room",2014,23,1,1,0.06,3,0,114,16.6666666666667,31
"strict","Entire home/apt",2004,231,3,22,1.15,4,279,1154,19.1304347826087,10.3333333333333
"flexible","Private room",2019,97,30,2,0.21,4,365,483,9.52380952380952,1.03333333333333
"moderate","Entire home/apt",2003,207,4,61,2.26,1,255,1034,26.9911504424779,7.75
"moderate","Private room",2010,95,1,3,0.09,5,0,476,33.3333333333333,31
"moderate","Entire home/apt",2008,193,2,6,0.2,3,0,965,30,15.5
"moderate","Entire home/apt",2011,178,5,1,0.02,1,255,890,50,6.2
"moderate","Entire home/apt",2003,83,2,14,0.73,2,335,417,19.1780821917808,15.5
"strict","Shared room",2014,98,2,3,0.81,5,31,489,3.7037037037037,15.5
"flexible","Private room",2018,92,10,1,0.08,4,0,459,12.5,3.1
"strict","Private room",2009,62,7,21,0.94,2,297,308,22.3404255319149,4.42857142857143
"flexible","Private room",2007,235,1,107,2.2,2,111,1177,48.6363636363636,31
"strict","Private room",2010,197,3,14,0.39,4,42,986,35.8974358974359,10.3333333333333
"strict","Private room",2022,167,1,5,0.51,4,365,837,9.80392156862745,31
"flexible","Entire home/apt",2016,178,3,4,0.1,2,367,889,40,10.3333333333333
"flexible","Entire home/apt",2007,47,7,3,2.31,5,0,233,1.2987012987013,4.42857142857143
"moderate","Entire home/apt",2005,228,30,1,0.04,5,45,1138,25,1.03333333333333
"strict","Entire home/apt",2017,105,3,49,4.06,4,293,525,12.0689655172414,10.3333333333333
"strict","Private room",2020,118,1,50,1.59,2,61,588,31.4465408805031,31
"flexible","Private room",2016,48,25,5,0.33,3,155,242,15.1515151515152,1.24
"moderate","Entire home/apt",2006,88,2,7,0.52,4,0,440,13.4615384615385,15.5
"strict","Entire home/apt",2009,14,2,48,0.48,4,86,69,100,15.5
"moderate","Private room",2010,160,2,29,2.03,4,43,800,14.2857142857143,15.5
"moderate","Entire home/apt",2017,131,1,2,2,3,300,655,1,31
"moderate","Entire home/apt",2020,155,3,4,0.18,3,0,775,22.2222222222222,10.3333333333333
"moderate","Private room",2018,94,1,92,3.99,2,102,472,23.0576441102757,31
"moderate","Private room",2017,210,1,39,0.37,3,9,1050,105.405405405405,31
"moderate","Private room",2004,37,1,14,0.43,5,249,183,32.5581395348837,31
"strict","Private room",2015,174,3,3,1.67,3,45,871,1.79640718562874,10.3333333333333
"strict","Private room",2005,92,1,18,1.79,2,71,461,10.0558659217877,31
"flexible","Entire home/apt",2009,46,9,2,0.28,2,12,228,7.14285714285714,3.44444444444444
"moderate","Entire home/apt",2015,69,1,12,0.43,5,0,343,27.906976744186,31
"strict","Entire home/apt",2022,146,2,7,0.3,1,0,729,23.3333333333333,15.5
"moderate","Entire home/apt",2012,142,10,2,0.15,5,95,708,13.3333333333333,3.1
"moderate","Entire home/apt",2018,97,30,17,0.34,3,0,484,50,1.03333333333333
"strict","Entire home/apt",2018,229,30,3,0.3,2,113,1147,10,1.03333333333333
"moderate","Entire home/apt",2003,175,2,54,1.91,4,267,877,28.2722513089005,15.5
"flexible","Private room",2012,210,30,9,0.21,2,220,1049,42.8571428571429,1.03333333333333
"flexible","Private room",2018,102,1,2,2,5,350,508,1,31
"moderate","Private room",2017,64,25,13,0.48,4,38,322,27.0833333333333,1.24
"strict","Entire home/apt",2017,77,4,26,1.18,1,145,386,22.0338983050847,7.75
"moderate","Entire home/apt",2004,109,1,80,5.78,3,283,543,13.840830449827,31
"strict","Private room",2005,25,17,24,0.45,1,422,126,53.3333333333333,1.82352941176471
"moderate","Entire home/apt",2021,139,30,3,0.09,2,213,696,33.3333333333333,1.03333333333333
"flexible","Entire home/apt",2008,238,3,1,0.02,3,81,1192,50,10.3333333333333
"flexible","Private room",2020,140,3,49,3.68,5,11,701,13.3152173913043,10.3333333333333
"moderate","Entire home/apt",2004,27,30,56,0.5,4,100,135,112,1.03333333333333
"flexible","Private room",2021,147,1,6,0.1,2,143,736,60,31
"flexible","Private room",2017,219,30,3,0.44,2,326,1095,6.81818181818182,1.03333333333333
"strict","Private room",2020,220,3,1,1,3,336,1101,1,10.3333333333333
"flexible","Entire home/apt",2012,133,1,7,0.67,4,1,663,10.4477611940298,31
"strict","Entire home/apt",2003,27,1,8,0.73,3,0,136,10.958904109589,31
"strict","Entire home/apt",2014,93,3,4,0.18,3,36,466,22.2222222222222,10.3333333333333
"flexible","Private room",2021,82,1,23,1.85,4,263,408,12.4324324324324,31
"strict","Private room",2020,213,15,2,0.06,5,415,1067,33.3333333333333,2.06666666666667
"moderate","Entire home/apt",2012,93,1,18,4.15,4,146,464,4.33734939759036,31
"strict","Private room",2009,211,5,2,0.07,4,0,1054,28.5714285714286,6.2
"flexible","Private room",2003,59,30,1,0.13,3,241,297,7.69230769230769,1.03333333333333
"moderate","Private room",2015,91,4,36,1.28,1,0,455,28.125,7.75
"flexible","Private room",2016,43,1,1,0.03,3,150,214,33.3333333333333,31
"moderate","Private room",2006,230,1,2,0.04,1,351,1150,50,31
"moderate","Private room",2008,72,1,2,0.22,3,0,361,9.09090909090909,31
"flexible","Shared room",2005,70,2,33,3.44,4,10,350,9.59302325581395,15.5
"strict","Private room",2017,72,3,15,0.54,1,0,360,27.7777777777778,10.3333333333333
"moderate","Entire home/apt",2013,237,5,46,1.23,1,223,1186,37.3983739837398,6.2
"strict","Entire home/apt",2022,34,1,1,0.02,4,0,172,50,31
"strict","Private room",2020,194,1,192,4.72,3,334,972,40.6779661016949,31
"strict","Shared room",2022,214,1,36,1.32,3,23,1070,27.2727272727273,31
"moderate","Private room",2018,185,3,50,4.07,2,7,925,12.2850122850123,10.3333333333333
"flexible","Entire home/apt",2019,95,2,24,0.77,1,0,477,31.1688311688312,15.5
"strict","Entire home/apt",2012,105,4,39,0.91,1,312,527,42.8571428571429,7.75
"moderate","Private room",2020,93,5,32,1.39,5,336,463,23.021582733813,6.2
"moderate","Private room",2005,180,30,1,0.08,2,18,902,12.5,1.03333333333333
"strict","Entire home/apt",2011,204,7,19,0.43,5,0,1020,44.1860465116279,4.42857142857143
"flexible","Private room",2010,35,1,1,1,5,84,176,1,31
"flexible","Shared room",2021,116,1,12,0.34,1,0,581,35.2941176470588,31
"flexible","Entire home/apt",2022,240,1,5,0.39,3,3,1199,12.8205128205128,31
"moderate","Private room",2022,224,2,2,0.09,2,0,1119,22.2222222222222,15.5
"strict","Private room",2021,186,4,42,1.46,4,316,930,28.7671232876712,7.75
"strict","Private room",2007,99,2,12,5.14,5,57,494,2.33463035019455,15.5
"flexible","Private room",2011,195,2,4,2.35,5,325,976,1.70212765957447,15.5
"moderate","Private room",2010,83,3,2,1.2,4,0,414,1.66666666666667,10.3333333333333
"flexible","Entire home/apt",2009,113,2,193,4.17,4,377,565,46.2829736211031,15.5
"flexible","Private room",2017,81,1,2,0.08,3,88,407,25,31
"moderate","Private room",2015,221,1,18,0.98,4,364,1104,18.3673469387755,31
"moderate","Private room",2003,165,1,1,0.21,3,61,827,4.76190476190476,31
"moderate","Entire home/apt",2014,82,30,68,0.6,4,211,411,113.333333333333,1.03333333333333
"strict","Private room",2015,202,2,1,0.05,4,0,1012,20,15.5
"strict","Entire home/apt",2020,182,30,1,0.17,2,326,909,5.88235294117647,1.03333333333333
"strict","Private room",2006,121,2,34,0.88,1,198,605,38.6363636363636,15.5
"strict","Private room",2021,126,1,6,0.26,3,53,629,23.0769230769231,31
"strict","Private room",2008,236,1,2,0.16,4,0,1179,12.5,31
"flexible","Private room",2014,58,3,89,1.12,5,261,290,79.4642857142857,10.3333333333333
"strict","Private room",2019,140,3,2,0.32,1,420,699,6.25,10.3333333333333
"moderate","Entire home/apt",2009,118,1,1,0.39,5,308,590,2.56410256410256,31
"flexible","Private room",2006,201,1,68,4.81,5,153,1003,14.1372141372141,31
"strict","Private room",2006,179,2,56,1.68,3,38,896,33.3333333333333,15.5
"strict","Entire home/apt",2006,28,7,1,1,4,233,142,1,4.42857142857143
"flexible","Entire home/apt",2014,38,3,105,1.49,5,307,190,70.4697986577181,10.3333333333333
"flexible","Private room",2020,161,7,9,0.99,2,358,806,9.09090909090909,4.42857142857143
"flexible","Private room",2004,112,1,19,0.55,5,0,562,34.5454545454545,31
"flexible","Private room",2015,83,3,55,3.67,2,12,414,14.9863760217984,10.3333333333333
"strict","Private room",2005,47,1,12,0.55,4,226,236,21.8181818181818,31
"flexible","Private room",2017,99,3,4,0.12,3,365,497,33.3333333333333,10.3333333333333
"moderate","Private room",2010,210,1,319,9.24,4,57,1048,34.5238095238095,31
"moderate","Entire home/apt",2011,19,2,6,2.14,4,331,96,2.80373831775701,15.5
"moderate","Entire home/apt",2017,228,2,2,0.08,5,0,1138,25,15.5
"flexible","Entire home/apt",2013,25,1,62,4.64,2,3,127,13.3620689655172,31
"strict","Shared room",2005,11,4,1,0.09,1,0,57,11.1111111111111,7.75
"moderate","Private room",2005,168,3,28,2.64,5,54,840,10.6060606060606,10.3333333333333
"flexible","Private room",2007,156,1,14,0.8,5,63,779,17.5,31
"strict","Entire home/apt",2010,31,2,70,0.73,4,256,154,95.8904109589041,15.5
"flexible","Private room",2005,86,2,11,0.32,4,239,430,34.375,15.5
"moderate","Private room",2007,150,1,54,3.07,3,0,752,17.5895765472313,31
"moderate","Entire home/apt",2007,81,1,141,3.54,4,216,406,39.8305084745763,31
"flexible","Entire home/apt",2009,162,2,29,12.79,2,304,809,2.26739640344019,15.5
"moderate","Entire home/apt",2021,32,1,36,2.51,2,171,162,14.3426294820717,31
"flexible","Private room",2016,177,2,45,1.44,1,183,885,31.25,15.5
"moderate","Entire home/apt",2013,95,3,44,4.41,3,175,473,9.97732426303855,10.3333333333333
"flexible","Entire home/apt",2003,64,3,3,0.36,1,14,319,8.33333333333333,10.3333333333333
"moderate","Entire home/apt",2009,134,1,43,7.87,2,307,672,5.46378653113088,31
"strict","Private room",2020,187,1,22,0.89,5,0,937,24.7191011235955,31
"strict","Private room",2021,140,1,37,1.84,2,0,701,20.1086956521739,31
"moderate","Private room",2004,29,4,2,0.07,3,0,145,28.5714285714286,7.75
"flexible","Private room",2004,106,1,31,1.08,1,1,528,28.7037037037037,31
"flexible","Entire home/apt",2017,177,7,1,0.04,1,356,883,25,4.42857142857143
"strict","Private room",2008,188,1,1,0.04,5,0,940,25,31
"moderate","Entire home/apt",2010,108,30,5,0.18,3,0,539,27.7777777777778,1.03333333333333
"strict","Entire home/apt",2018,207,2,19,0.41,5,68,1033,46.3414634146341,15.5
"strict","Entire home/apt",2008,12,3,6,2.86,4,119,60,2.0979020979021,10.3333333333333
"flexible","Private room",2011,101,3,8,0.24,4,0,504,33.3333333333333,10.3333333333333
"moderate","Shared room",2006,48,1,5,2.31,5,156,239,2.16450216450216,31
"flexible","Entire home/apt",2008,239,30,5,0.34,2,283,1193,14.7058823529412,1.03333333333333
"flexible","Private room",2004,60,2,24,0.44,2,381,302,54.5454545454545,15.5
"moderate","Private room",2011,107,2,76,2.42,5,46,537,31.404958677686,15.5
"strict","Entire home/apt",2022,125,3,28,2.71,2,333,625,10.3321033210332,10.3333333333333
"flexible","Entire home/apt",2011,201,1,40,2.08,2,364,1006,19.2307692307692,31
"flexible","Private room",2022,43,5,3,0.19,3,189,217,15.7894736842105,6.2
"strict","Private room",2008,39,1,9,0.94,5,364,196,9.57446808510638,31
"moderate","Private room",2021,223,30,2,0.19,3,254,1113,10.5263157894737,1.03333333333333
"strict","Entire home/apt",2022,151,6,2,0.04,2,73,755,50,5.16666666666667
"moderate","Entire home/apt",2011,181,7,8,2.53,3,176,904,3.16205533596838,4.42857142857143
"flexible","Entire home/apt",2015,27,2,4,0.08,4,320,133,50,15.5
"strict","Private room",2007,172,1,68,2.97,5,330,861,22.8956228956229,31
"moderate","Private room",2018,213,1,20,2.19,3,129,1066,9.1324200913242,31
"flexible","Private room",2005,47,1,15,2.37,5,90,237,6.32911392405063,31
"moderate","Entire home/apt",2009,109,3,4,1.3,2,157,544,3.07692307692308,10.3333333333333
"moderate","Private room",2015,119,2,5,0.66,3,0,595,7.57575757575758,15.5
"strict","Entire home/apt",2011,140,2,216,3.61,4,13,699,59.8337950138504,15.5
"strict","Private room",2016,147,5,19,1.26,3,0,737,15.0793650793651,6.2
"strict","Private room",2009,95,30,3,0.19,3,63,475,15.7894736842105,1.03333333333333
"strict","Private room",2016,220,2,64,0.76,4,74,1101,84.2105263157895,15.5
"strict","Entire home/apt",2011,71,5,9,0.26,2,0,354,34.6153846153846,6.2
"flexible","Private room",2022,199,2,131,3.88,5,333,996,33.7628865979381,15.5
"flexible","Entire home/apt",2007,85,3,3,0.08,2,367,427,37.5,10.3333333333333
"strict","Private room",2007,188,2,65,0.86,3,235,939,75.5813953488372,15.5
"flexible","Private room",2019,192,30,64,0.68,1,52,960,94.1176470588235,1.03333333333333
"moderate","Entire home/apt",2016,209,2,8,1.05,4,360,1045,7.61904761904762,15.5
"moderate","Private room",2019,68,3,33,2.22,4,282,339,14.8648648648649,10.3333333333333
"moderate","Private room",2022,42,3,2,0.07,1,0,210,28.5714285714286,10.3333333333333
"moderate","Private room",2022,134,1,27,1.09,2,342,668,24.7706422018349,31
"strict","Entire home/apt",2005,178,2,140,3.6,2,103,889,38.8888888888889,15.5
"strict","Private room",2003,177,4,8,0.64,2,157,883,12.5,7.75
"flexible","Entire home/apt",2011,90,1,92,4.09,5,312,451,22.4938875305623,31
"strict","Private room",2010,85,2,3,1.55,4,73,425,1.93548387096774,15.5
"strict","Private room",2005,33,2,30,0.86,1,170,165,34.8837209302326,15.5
"strict","Private room",2022,236,2,2,0.04,4,0,1182,50,15.5
"strict","Private room",2010,125,3,1,0.02,5,211,627,50,10.3333333333333
"moderate","Private room",2018,140,1,14,0.5,5,0,699,28,31
"moderate","Entire home/apt",2019,226,3,7,0.38,5,0,1131,18.4210526315789,10.3333333333333
"moderate","Entire home/apt",2022,160,1,7,0.21,1,6,801,33.3333333333333,31
"flexible","Entire home/apt",2020,138,7,86,1.84,2,8,691,46.7391304347826,4.42857142857143
"strict","Entire home/apt",2003,144,2,8,2.07,5,351,722,3.86473429951691,15.5
"strict","Entire home/apt",2011,116,2,5,2.94,2,86,578,1.70068027210884,15.5
"moderate","Private room",2007,152,1,49,1.86,4,105,758,26.3440860215054,31
"flexible","Private room",2022,225,2,48,1.45,4,72,1125,33.1034482758621,15.5
"flexible","Entire home/apt",2018,217,2,1,0.03,3,0,1084,33.3333333333333,15.5
"flexible","Entire home/apt",2017,195,2,1,0.03,3,0,977,33.3333333333333,15.5
"strict","Entire home/apt",2019,62,3,57,2.09,4,258,310,27.2727272727273,10.3333333333333
"strict","Entire home/apt",2010,190,1,63,4.83,3,357,950,13.0434782608696,31
"strict","Entire home/apt",2012,91,30,5,0.45,4,93,455,11.1111111111111,1.03333333333333
"flexible","Private room",2020,104,2,24,0.71,2,0,522,33.8028169014085,15.5
"strict","Entire home/apt",2010,236,1,24,2.06,2,314,1181,11.6504854368932,31
"moderate","Private room",2012,77,1,61,3.52,4,274,384,17.3295454545455,31
"strict","Private room",2003,201,30,30,0.58,3,318,1005,51.7241379310345,1.03333333333333
"moderate","Entire home/apt",2020,20,1,29,1.12,2,0,98,25.8928571428571,31
"strict","Entire home/apt",2016,169,30,2,0.06,1,45,845,33.3333333333333,1.03333333333333
"flexible","Private room",2019,81,2,12,0.18,5,47,403,66.6666666666667,15.5
"flexible","Entire home/apt",2019,136,3,8,0.34,2,0,682,23.5294117647059,10.3333333333333
"flexible","Private room",2022,156,4,1,0.24,2,52,781,4.16666666666667,7.75
"flexible","Entire home/apt",2014,236,1,104,2.86,2,97,1181,36.3636363636364,31
"strict","Entire home/apt",2017,118,30,29,0.4,1,83,589,72.5,1.03333333333333
"moderate","Private room",2018,207,1,142,6.44,4,115,1034,22.0496894409938,31
"strict","Entire home/apt",2011,105,2,1,0.47,2,3,523,2.12765957446809,15.5
"moderate","Entire home/apt",2003,87,3,147,2.33,3,108,435,63.0901287553648,10.3333333333333
"moderate","Private room",2011,69,1,3,1.5,3,163,347,2,31
"strict","Private room",2015,151,2,2,0.16,3,0,756,12.5,15.5
"moderate","Entire home/apt",2022,143,5,12,0.56,2,25,713,21.4285714285714,6.2
"strict","Private room",2020,41,1,40,2.08,2,0,206,19.2307692307692,31
"strict","Private room",2010,149,1,1,1,4,253,745,1,31
"strict","Entire home/apt",2011,148,6,35,2.48,5,0,738,14.1129032258065,5.16666666666667
"flexible","Entire home/apt",2009,38,2,5,1.88,4,272,192,2.65957446808511,15.5
"moderate","Private room",2019,45,2,13,3.79,4,13,225,3.43007915567282,15.5
"strict","Entire home/apt",2004,64,4,36,3.34,5,202,321,10.7784431137725,7.75
"moderate","Private room",2018,56,2,135,6.62,3,30,278,20.392749244713,15.5
"flexible","Entire home/apt",2006,40,2,141,2.5,2,8,198,56.4,15.5
"strict","Private room",2008,178,2,1,0.39,4,338,888,2.56410256410256,15.5
"strict","Entire home/apt",2012,89,2,5,1.42,3,2,446,3.52112676056338,15.5
"moderate","Entire home/apt",2010,125,7,5,0.53,2,0,625,9.43396226415094,4.42857142857143
"flexible","Entire home/apt",2003,55,2,29,0.93,3,82,277,31.1827956989247,15.5
"moderate","Private room",2016,197,3,1,0.03,5,0,986,33.3333333333333,10.3333333333333
"strict","Entire home/apt",2013,12,30,2,0.82,5,0,59,2.4390243902439,1.03333333333333
"moderate","Private room",2009,28,1,50,1.87,2,29,141,26.7379679144385,31
"strict","Private room",2012,216,2,97,3.63,3,82,1079,26.7217630853994,15.5
"strict","Entire home/apt",2012,198,3,3,0.1,2,0,991,30,10.3333333333333
"flexible","Private room",2004,50,5,9,0.28,1,342,250,32.1428571428571,6.2
"strict","Private room",2016,68,30,1,0.21,3,364,338,4.76190476190476,1.03333333333333
"flexible","Entire home/apt",2007,215,4,16,1.68,4,0,1074,9.52380952380952,7.75
"flexible","Private room",2009,128,30,5,0.37,4,329,638,13.5135135135135,1.03333333333333
"moderate","Entire home/apt",2018,100,2,32,2.74,3,17,499,11.6788321167883,15.5
"flexible","Private room",2022,127,1,3,0.44,3,0,635,6.81818181818182,31
"strict","Entire home/apt",2007,96,2,26,0.9,3,10,481,28.8888888888889,15.5
"strict","Private room",2020,16,31,116,0.96,2,0,82,120.833333333333,1
"moderate","Entire home/apt",2003,74,1,1,0.02,4,2,368,50,31
"flexible","Private room",2021,117,1,209,7.18,5,252,585,29.108635097493,31
"moderate","Entire home/apt",2021,46,2,20,3.3,3,121,230,6.06060606060606,15.5
"flexible","Private room",2006,43,4,5,0.76,4,76,213,6.57894736842105,7.75
"moderate","Private room",2004,124,1,1,0.03,3,0,620,33.3333333333333,31
"strict","Private room",2013,95,1,1,0.45,5,0,476,2.22222222222222,31
"moderate","Private room",2003,22,30,4,0.48,5,246,108,8.33333333333333,1.03333333333333
"flexible","Entire home/apt",2016,77,2,9,2.18,4,180,387,4.12844036697248,15.5
"flexible","Entire home/apt",2003,228,5,2,0.32,4,49,1138,6.25,6.2
"moderate","Entire home/apt",2004,86,3,21,0.44,1,0,431,47.7272727272727,10.3333333333333
"strict","Private room",2005,221,2,4,0.17,4,4,1107,23.5294117647059,15.5
"strict","Entire home/apt",2015,63,2,228,3.89,3,117,314,58.6118251928021,15.5
"flexible","Entire home/apt",2012,35,7,38,1.11,4,0,173,34.2342342342342,4.42857142857143
"moderate","Entire home/apt",2005,46,4,3,0.32,4,179,232,9.375,7.75
"strict","Entire home/apt",2005,120,7,24,0.71,5,93,602,33.8028169014085,4.42857142857143
"flexible","Entire home/apt",2019,40,2,4,0.14,4,0,202,28.5714285714286,15.5
"moderate","Entire home/apt",2020,206,2,11,2.75,4,269,1028,4,15.5
"moderate","Entire home/apt",2010,104,3,106,1.42,5,248,520,74.6478873239437,10.3333333333333
"strict","Entire home/apt",2016,119,3,110,2.82,5,43,597,39.0070921985816,10.3333333333333
"flexible","Entire home/apt",2011,143,6,3,0.43,4,59,713,6.97674418604651,5.16666666666667
"moderate","Private room",2018,35,3,96,2.8,3,134,177,34.2857142857143,10.3333333333333
"flexible","Entire home/apt",2018,15,3,22,2.06,5,251,75,10.6796116504854,10.3333333333333
"strict","Private room",2006,219,4,2,0.09,2,355,1097,22.2222222222222,7.75
"strict","Private room",2007,107,1,58,3.65,3,152,533,15.8904109589041,31
"flexible","Entire home/apt",2003,149,30,1,0.75,5,311,746,1.33333333333333,1.03333333333333
"strict","Private room",2019,111,2,28,2.51,2,27,556,11.1553784860558,15.5
"flexible","Private room",2019,11,2,7,0.08,3,240,56,87.5,15.5
"moderate","Private room",2012,51,1,14,2.22,4,27,257,6.30630630630631,31
"strict","Entire home/apt",2016,141,1,19,8.38,4,5,703,2.2673031026253,31
"flexible","Entire home/apt",2022,28,1,94,1.92,5,384,138,48.9583333333333,31
"flexible","Private room",2009,193,1,1,0.75,2,364,966,1.33333333333333,31
"strict","Private room",2004,57,1,5,0.21,5,0,284,23.8095238095238,31
"flexible","Private room",2004,152,2,34,2.07,5,126,758,16.4251207729469,15.5
"moderate","Entire home/apt",2020,141,3,64,2.15,2,72,703,29.7674418604651,10.3333333333333
"moderate","Entire home/apt",2013,238,2,26,2.6,5,355,1189,10,15.5
"moderate","Private room",2022,236,5,2,0.05,1,376,1179,40,6.2
"moderate","Private room",2017,74,14,32,1.14,3,72,370,28.0701754385965,2.21428571428571
"flexible","Private room",2009,69,7,7,0.12,4,304,345,58.3333333333333,4.42857142857143
"flexible","Private room",2018,96,3,132,1.68,2,100,482,78.5714285714286,10.3333333333333
"flexible","Private room",2015,173,1,24,0.92,5,0,865,26.0869565217391,31
"flexible","Private room",2005,84,1,7,0.46,2,0,418,15.2173913043478,31
"flexible","Private room",2017,224,3,10,0.57,3,0,1120,17.5438596491228,10.3333333333333
"strict","Entire home/apt",2013,72,6,6,0.42,5,20,361,14.2857142857143,5.16666666666667
"strict","Private room",2007,33,5,3,0.17,5,364,166,17.6470588235294,6.2
"flexible","Private room",2004,10,2,177,4.62,4,357,50,38.3116883116883,15.5
"flexible","Entire home/apt",2012,143,3,28,2.35,4,208,714,11.9148936170213,10.3333333333333
"flexible","Entire home/apt",2008,36,2,13,0.37,4,0,179,35.1351351351351,15.5
"moderate","Private room",2009,16,1,2,2,4,365,81,1,31
"flexible","Entire home/apt",2015,49,2,1,0.03,1,112,243,33.3333333333333,15.5
"moderate","Private room",2015,17,1,43,1.64,4,55,83,26.219512195122,31
"moderate","Private room",2020,210,7,8,0.34,4,188,1049,23.5294117647059,4.42857142857143
"strict","Entire home/apt",2006,88,4,14,0.23,5,418,440,60.8695652173913,7.75
"moderate","Private room",2021,116,3,258,2.7,1,130,581,95.5555555555555,10.3333333333333
"strict","Entire home/apt",2022,140,30,11,0.19,5,64,700,57.8947368421053,1.03333333333333
"moderate","Private room",2016,221,1,1,1,2,358,1103,1,31
"strict","Entire home/apt",2015,196,2,115,2.56,1,402,980,44.921875,15.5
"flexible","Private room",2018,152,2,2,0.05,5,314,759,40,15.5
"moderate","Entire home/apt",2022,187,5,11,0.12,5,0,937,91.6666666666667,6.2
"moderate","Private room",2008,210,7,10,0.25,1,45,1050,40,4.42857142857143
"moderate","Private room",2012,132,2,16,0.47,4,0,660,34.0425531914894,15.5
"strict","Entire home/apt",2007,36,3,43,3.84,4,88,178,11.1979166666667,10.3333333333333
"flexible","Entire home/apt",2018,128,1,20,1.89,5,44,640,10.5820105820106,31
"strict","Entire home/apt",2019,168,5,11,0.88,5,45,838,12.5,6.2
"strict","Entire home/apt",2009,228,4,3,0.19,3,3,1141,15.7894736842105,7.75
"flexible","Entire home/apt",2014,38,3,105,1.49,5,274,190,70.4697986577181,10.3333333333333
"strict","Entire home/apt",2016,162,30,18,0.7,5,213,812,25.7142857142857,1.03333333333333
"strict","Private room",2009,137,2,52,3.63,5,224,684,14.3250688705234,15.5
"moderate","Entire home/apt",2010,125,7,5,0.53,2,0,625,9.43396226415094,4.42857142857143
"flexible","Entire home/apt",2003,76,5,16,0.18,5,63,380,88.8888888888889,6.2
"flexible","Entire home/apt",2015,19,1,2,1.28,5,95,93,1.5625,31
"moderate","Entire home/apt",2015,24,30,15,0.26,2,42,118,57.6923076923077,1.03333333333333
"flexible","Entire home/apt",2013,134,16,9,0.24,2,134,671,37.5,1.9375
"flexible","Entire home/apt",2015,31,6,6,0.09,2,85,153,66.6666666666667,5.16666666666667
"flexible","Entire home/apt",2010,182,2,1,0.03,2,0,911,33.3333333333333,15.5
"strict","Private room",2006,129,3,19,0.67,4,0,646,28.3582089552239,10.3333333333333
"flexible","Entire home/apt",2022,180,6,6,0.3,5,0,901,20,5.16666666666667
"flexible","Entire home/apt",2020,175,3,12,3.71,3,38,875,3.23450134770889,10.3333333333333
"strict","Private room",2015,136,3,4,0.16,4,0,678,25,10.3333333333333
"strict","Entire home/apt",2006,80,30,5,0.21,5,200,400,23.8095238095238,1.03333333333333
"strict","Entire home/apt",2011,204,2,45,2.89,2,269,1021,15.5709342560554,15.5
"flexible","Private room",2013,180,6,7,0.23,5,19,901,30.4347826086957,5.16666666666667
"strict","Entire home/apt",2016,171,3,8,0.24,1,0,855,33.3333333333333,10.3333333333333
"moderate","Private room",2015,233,3,77,3.98,5,45,1167,19.3467336683417,10.3333333333333
"flexible","Private room",2008,105,1,2,0.08,2,90,525,25,31
"strict","Private room",2017,80,1,3,0.16,5,0,401,18.75,31
"flexible","Private room",2019,91,4,3,0.21,4,179,454,14.2857142857143,7.75
"moderate","Private room",2014,55,14,35,1.58,5,215,274,22.1518987341772,2.21428571428571
"flexible","Entire home/apt",2008,149,2,10,0.86,3,0,743,11.6279069767442,15.5
"flexible","Private room",2018,166,6,81,1.7,3,335,831,47.6470588235294,5.16666666666667
"flexible","Private room",2009,238,14,1,1,4,321,1190,1,2.21428571428571
"flexible","Entire home/apt",2017,179,30,9,0.2,3,56,894,45,1.03333333333333
"strict","Private room",2007,187,5,73,1.25,3,0,937,58.4,6.2
"strict","Entire home/apt",2016,88,6,30,1.84,2,0,442,16.304347826087,5.16666666666667
"flexible","Private room",2010,170,2,1,0.09,3,0,850,11.1111111111111,15.5
"strict","Entire home/apt",2006,35,3,83,2.43,3,218,173,34.156378600823,10.3333333333333
"moderate","Private room",2022,194,1,3,2.2,3,179,971,1.36363636363636,31
"moderate","Private room",2021,18,3,31,2.75,2,345,88,11.2727272727273,10.3333333333333
"flexible","Private room",2014,219,1,96,6.56,2,44,1094,14.6341463414634,31
"strict","Entire home/apt",2017,178,3,31,1.08,2,136,888,28.7037037037037,10.3333333333333
"moderate","Entire home/apt",2012,168,3,23,0.64,2,351,839,35.9375,10.3333333333333
"strict","Entire home/apt",2016,137,30,1,0.12,5,204,686,8.33333333333333,1.03333333333333
"strict","Entire home/apt",2013,103,3,9,0.31,2,298,516,29.0322580645161,10.3333333333333
"moderate","Private room",2013,163,1,11,0.24,5,160,813,45.8333333333333,31
"strict","Private room",2020,147,2,9,0.36,2,390,735,25,15.5
"flexible","Entire home/apt",2022,147,1,15,0.19,2,188,733,78.9473684210526,31
"strict","Entire home/apt",2017,215,5,1,0.02,3,366,1073,50,6.2
"flexible","Entire home/apt",2015,15,2,10,0.18,3,316,74,55.5555555555556,15.5
"strict","Private room",2003,197,1,56,0.64,5,425,983,87.5,31
"flexible","Private room",2013,25,1,67,1.78,2,348,123,37.6404494382022,31
"moderate","Private room",2003,239,5,34,1.58,2,86,1195,21.5189873417721,6.2
"flexible","Private room",2004,230,5,6,0.52,4,188,1149,11.5384615384615,6.2
"strict","Private room",2017,150,15,6,0.27,3,0,749,22.2222222222222,2.06666666666667
"strict","Entire home/apt",2021,157,5,19,0.28,5,295,783,67.8571428571428,6.2
"flexible","Private room",2013,94,5,16,0.7,4,354,472,22.8571428571429,6.2
"moderate","Entire home/apt",2003,85,40,15,0.39,5,324,423,38.4615384615385,0.775
"flexible","Entire home/apt",2003,31,2,7,0.52,2,0,156,13.4615384615385,15.5
"flexible","Private room",2010,226,2,123,2.81,5,128,1132,43.7722419928826,15.5
"flexible","Entire home/apt",2010,92,3,31,0.63,4,263,461,49.2063492063492,10.3333333333333
"moderate","Entire home/apt",2018,227,2,15,1.33,4,0,1133,11.2781954887218,15.5
"strict","Private room",2017,10,1,22,3.25,3,342,50,6.76923076923077,31
"moderate","Private room",2022,203,1,58,2.48,5,16,1013,23.3870967741935,31
"moderate","Private room",2010,206,2,78,2.2,3,82,1032,35.4545454545455,15.5
"flexible","Private room",2021,156,3,19,0.52,2,180,780,36.5384615384615,10.3333333333333
"strict","Entire home/apt",2005,34,30,11,0.38,4,4,169,28.9473684210526,1.03333333333333
"flexible","Entire home/apt",2005,80,2,70,4.25,4,54,398,16.4705882352941,15.5
"flexible","Entire home/apt",2013,122,2,166,4.44,1,358,611,37.3873873873874,15.5
"flexible","Entire home/apt",2003,36,2,67,2.27,2,250,182,29.5154185022026,15.5
"moderate","Entire home/apt",2007,56,3,1,0.01,1,191,280,100,10.3333333333333
"flexible","Private room",2005,11,5,1,0.05,2,0,57,20,6.2
"strict","Private room",2005,22,30,1,0.61,4,340,111,1.63934426229508,1.03333333333333
"flexible","Entire home/apt",2015,79,3,106,1.66,4,421,395,63.855421686747,10.3333333333333
"strict","Entire home/apt",2022,125,2,15,0.3,1,401,624,50,15.5
"moderate","Entire home/apt",2015,70,2,77,5.19,3,0,350,14.8362235067437,15.5
"flexible","Private room",2009,128,1,4,0.06,3,177,641,66.6666666666667,31
"strict","Entire home/apt",2005,158,6,3,2.37,4,1,791,1.26582278481013,5.16666666666667
"flexible","Entire home/apt",2009,151,12,13,0.34,3,244,755,38.2352941176471,2.58333333333333
"moderate","Entire home/apt",2021,43,4,9,0.14,5,58,214,64.2857142857143,7.75
"moderate","Shared room",2009,210,1,12,4.14,3,180,1051,2.89855072463768,31
"moderate","Entire home/apt",2008,229,6,15,3.19,5,63,1144,4.70219435736677,5.16666666666667
"moderate","Private room",2020,149,3,86,2.47,5,38,746,34.8178137651822,10.3333333333333
"moderate","Entire home/apt",2020,25,1,1,1,5,77,125,1,31
"strict","Entire home/apt",2020,35,3,5,0.09,5,139,175,55.5555555555556,10.3333333333333
"strict","Private room",2010,164,1,3,0.22,3,0,818,13.6363636363636,31
"moderate","Private room",2004,211,3,6,0.74,5,0,1057,8.10810810810811,10.3333333333333
"strict","Private room",2014,57,4,131,4.17,4,115,285,31.4148681055156,7.75
"moderate","Entire home/apt",2019,36,4,10,0.72,5,0,182,13.8888888888889,7.75
"strict","Entire home/apt",2014,81,3,3,0.16,4,0,405,18.75,10.3333333333333
"strict","Private room",2015,21,1,7,0.72,3,364,107,9.72222222222222,31
"moderate","Private room",2018,122,5,1,0.16,4,362,610,6.25,6.2
"strict","Entire home/apt",2008,205,3,21,4.44,3,121,1025,4.72972972972973,10.3333333333333
"strict","Entire home/apt",2018,104,1,57,2.41,5,336,519,23.6514522821577,31
"moderate","Entire home/apt",2020,195,30,2,0.16,5,66,977,12.5,1.03333333333333
"moderate","Private room",2021,29,5,2,1.2,4,0,144,1.66666666666667,6.2
"strict","Entire home/apt",2008,138,2,22,0.69,2,21,692,31.8840579710145,15.5
"flexible","Private room",2013,177,7,5,0.16,1,0,885,31.25,4.42857142857143
"strict","Entire home/apt",2019,11,3,7,0.38,5,12,56,18.4210526315789,10.3333333333333
"flexible","Private room",2016,162,3,8,0.17,5,225,810,47.0588235294118,10.3333333333333
"flexible","Entire home/apt",2022,45,3,289,3.3,2,253,225,87.5757575757576,10.3333333333333
"flexible","Entire home/apt",2014,221,14,1,0.08,5,0,1104,12.5,2.21428571428571
"strict","Entire home/apt",2008,114,30,16,0.48,3,0,572,33.3333333333333,1.03333333333333
"flexible","Private room",2016,234,4,6,0.14,2,269,1168,42.8571428571429,7.75
"strict","Entire home/apt",2014,226,4,12,1.86,4,29,1131,6.45161290322581,7.75
"moderate","Private room",2006,181,8,11,0.35,3,0,906,31.4285714285714,3.875
"strict","Private room",2018,171,1,5,0.07,5,363,857,71.4285714285714,31
"strict","Private room",2004,188,20,107,1.29,2,271,941,82.9457364341085,1.55
"strict","Private room",2005,34,3,27,1.81,4,0,170,14.9171270718232,10.3333333333333
"strict","Private room",2004,73,3,9,0.4,3,0,364,22.5,10.3333333333333
"strict","Private room",2009,23,5,1,0.02,2,246,115,50,6.2
"strict","Private room",2020,233,2,14,0.46,1,0,1167,30.4347826086957,15.5
"flexible","Entire home/apt",2010,223,30,9,0.16,5,258,1115,56.25,1.03333333333333
"moderate","Entire home/apt",2022,55,4,23,3.05,4,230,275,7.54098360655738,7.75
"moderate","Private room",2013,164,1,13,0.9,5,160,819,14.4444444444444,31
"strict","Private room",2014,178,2,108,3.2,5,20,890,33.75,15.5
"strict","Private room",2021,213,30,4,0.86,5,265,1063,4.65116279069767,1.03333333333333
"moderate","Entire home/apt",2010,108,2,3,0.06,4,96,539,50,15.5
"strict","Shared room",2019,172,7,6,0.7,5,311,859,8.57142857142857,4.42857142857143
"flexible","Entire home/apt",2008,47,1,11,0.91,2,300,236,12.0879120879121,31
"moderate","Private room",2018,177,1,86,3.47,2,172,884,24.7838616714697,31
"moderate","Entire home/apt",2011,87,2,46,0.54,2,0,437,85.1851851851852,15.5
"flexible","Private room",2005,195,2,10,0.97,5,178,977,10.3092783505155,15.5
"moderate","Entire home/apt",2004,134,30,40,0.8,3,0,668,50,1.03333333333333
"moderate","Private room",2022,208,2,12,0.79,4,2,1042,15.1898734177215,15.5
"flexible","Private room",2020,68,30,1,0.03,4,215,342,33.3333333333333,1.03333333333333
"flexible","Private room",2006,23,30,3,0.34,5,241,113,8.8235294117647,1.03333333333333
"flexible","Private room",2016,172,1,74,2.28,3,156,862,32.4561403508772,31
"strict","Entire home/apt",2014,82,5,2,0.17,3,16,408,11.7647058823529,6.2
"strict","Entire home/apt",2017,221,1,6,0.54,4,0,1104,11.1111111111111,31
"moderate","Private room",2017,122,5,21,0.34,5,10,610,61.7647058823529,6.2
"flexible","Entire home/apt",2022,86,2,3,0.04,3,4,432,75,15.5
"moderate","Private room",2007,55,30,2,0.38,4,262,276,5.26315789473684,1.03333333333333
"flexible","Entire home/apt",2004,131,3,92,3.26,3,4,656,28.2208588957055,10.3333333333333
"flexible","Private room",2005,123,1,22,3.28,5,362,614,6.70731707317073,31
"flexible","Private room",2014,10,2,2,0.07,2,0,51,28.5714285714286,15.5
"moderate","Entire home/apt",2003,140,14,12,0.17,5,0,701,70.5882352941176,2.21428571428571
"flexible","Private room",2005,194,30,27,0.83,5,306,968,32.5301204819277,1.03333333333333
"flexible","Entire home/apt",2015,116,3,4,4,5,245,580,1,10.3333333333333
"strict","Private room",2020,194,1,155,5.74,4,179,972,27.0034843205575,31
"moderate","Shared room",2019,192,1,1,0.05,3,0,961,20,31
"moderate","Private room",2005,35,1,26,5.23,5,0,173,4.97131931166348,31
"strict","Private room",2013,160,1,39,1.57,5,360,799,24.8407643312102,31
"moderate","Private room",2003,120,2,1,0.02,1,423,599,50,15.5
"strict","Private room",2019,168,3,22,0.32,4,177,839,68.75,10.3333333333333
"flexible","Private room",2018,147,3,28,0.35,2,267,737,80,10.3333333333333
"moderate","Entire home/apt",2020,239,3,57,2.89,2,182,1195,19.7231833910035,10.3333333333333
"moderate","Private room",2012,224,1,78,7.77,3,152,1118,10.03861003861,31
"strict","Private room",2012,48,1,18,5.57,2,91,240,3.23159784560144,31
"moderate","Private room",2007,62,1,26,0.72,5,363,311,36.1111111111111,31
"flexible","Entire home/apt",2003,224,2,8,0.71,2,0,1122,11.2676056338028,15.5
"moderate","Private room",2020,201,7,2,0.32,2,212,1003,6.25,4.42857142857143
"moderate","Private room",2022,170,3,11,4.34,3,318,848,2.53456221198157,10.3333333333333
"moderate","Entire home/apt",2018,231,6,63,1.9,4,31,1157,33.1578947368421,5.16666666666667
"flexible","Entire home/apt",2014,100,4,4,0.13,4,0,502,30.7692307692308,7.75
"strict","Private room",2012,110,5,395,5.16,3,1,552,76.5503875968992,6.2
"moderate","Entire home/apt",2005,13,4,5,0.23,5,5,63,21.7391304347826,7.75
"flexible","Private room",2015,227,1,1,0.04,3,0,1134,25,31
"flexible","Entire home/apt",2018,27,1,16,0.41,1,417,136,39.0243902439024,31
"moderate","Entire home/apt",2021,90,3,6,0.55,3,21,451,10.9090909090909,10.3333333333333
"moderate","Private room",2008,119,30,68,0.81,2,0,593,83.9506172839506,1.03333333333333
"moderate","Entire home/apt",2015,191,3,3,0.42,3,0,956,7.14285714285714,10.3333333333333
"strict","Private room",2013,109,10,3,0.05,2,28,547,60,3.1
"moderate","Private room",2021,172,6,18,0.51,1,45,858,35.2941176470588,5.16666666666667
"strict","Entire home/apt",2020,201,20,1,0.09,4,341,1005,11.1111111111111,1.55
"moderate","Private room",2016,197,3,1,0.03,5,0,986,33.3333333333333,10.3333333333333
"moderate","Entire home/apt",2018,37,2,2,0.03,5,72,183,66.6666666666667,15.5
"moderate","Entire home/apt",2008,223,3,42,1.62,2,303,1115,25.9259259259259,10.3333333333333
"flexible","Private room",2019,160,2,2,0.05,3,98,799,40,15.5
"moderate","Private room",2004,207,1,4,0.7,3,358,1033,5.71428571428571,31
"strict","Private room",2018,131,3,2,0.97,4,282,655,2.06185567010309,10.3333333333333
"strict","Entire home/apt",2014,23,2,7,2.5,2,265,115,2.8,15.5
"moderate","Entire home/apt",2017,91,5,75,3.49,4,278,453,21.4899713467049,6.2
"moderate","Shared room",2013,226,4,14,1.56,5,62,1130,8.97435897435897,7.75
"strict","Entire home/apt",2016,39,30,5,0.12,2,58,197,41.6666666666667,1.03333333333333
"strict","Entire home/apt",2013,111,3,25,1.8,3,0,553,13.8888888888889,10.3333333333333
"flexible","Private room",2012,56,2,10,0.28,3,306,280,35.7142857142857,15.5
"flexible","Private room",2017,83,1,17,0.16,5,63,417,106.25,31
"moderate","Entire home/apt",2011,100,30,1,0.08,5,177,502,12.5,1.03333333333333
"moderate","Entire home/apt",2009,136,4,49,2.31,5,3,679,21.2121212121212,7.75
"moderate","Entire home/apt",2008,238,1,42,5.94,3,28,1190,7.07070707070707,31
"strict","Private room",2017,221,3,4,0.11,1,183,1104,36.3636363636364,10.3333333333333
"flexible","Private room",2013,93,2,13,0.9,4,35,465,14.4444444444444,15.5
"strict","Entire home/apt",2012,76,3,3,0.48,2,0,380,6.25,10.3333333333333
"flexible","Private room",2008,123,2,34,2.63,2,331,617,12.9277566539924,15.5
"strict","Entire home/apt",2009,67,2,260,3.97,2,312,333,65.4911838790932,15.5
"moderate","Private room",2018,117,1,1,0.07,2,1,583,14.2857142857143,31
"strict","Entire home/apt",2021,229,1,30,1.1,1,35,1143,27.2727272727273,31
"strict","Private room",2009,102,2,10,0.48,2,0,509,20.8333333333333,15.5
"flexible","Entire home/apt",2014,224,1,6,0.19,1,0,1118,31.5789473684211,31
"strict","Private room",2018,136,1,21,6,4,244,681,3.5,31
"flexible","Private room",2011,15,1,408,8.56,5,0,74,47.6635514018692,31
"moderate","Private room",2013,116,3,191,2.61,1,207,581,73.1800766283525,10.3333333333333
"strict","Entire home/apt",2003,178,2,41,3.18,4,111,891,12.8930817610063,15.5
"flexible","Private room",2019,63,1,209,6.45,4,203,315,32.4031007751938,31
"strict","Private room",2003,57,2,153,2.17,2,139,284,70.5069124423963,15.5
"strict","Private room",2004,229,5,1,0.05,2,351,1147,20,6.2
"moderate","Private room",2013,117,1,113,2.33,2,345,583,48.4978540772532,31
"moderate","Entire home/apt",2011,207,4,2,0.07,2,0,1033,28.5714285714286,7.75
"flexible","Entire home/apt",2011,131,4,12,0.44,5,0,656,27.2727272727273,7.75
"flexible","Entire home/apt",2022,67,1,117,5.31,4,15,337,22.0338983050847,31
"flexible","Shared room",2021,206,3,9,0.45,3,0,1028,20,10.3333333333333
"strict","Entire home/apt",2006,142,30,6,0.16,5,313,708,37.5,1.03333333333333
"moderate","Private room",2007,191,10,1,0.06,2,2,956,16.6666666666667,3.1
"moderate","Entire home/apt",2018,16,4,3,1.11,3,15,78,2.7027027027027,7.75
"flexible","Private room",2009,227,4,1,1,4,24,1137,1,7.75
"strict","Private room",2020,184,2,85,2.73,2,171,918,31.1355311355311,15.5
"flexible","Entire home/apt",2014,139,3,2,2,5,103,693,1,10.3333333333333
"moderate","Entire home/apt",2008,96,3,6,0.51,5,76,481,11.7647058823529,10.3333333333333
"flexible","Entire home/apt",2012,220,4,26,1.68,4,92,1100,15.4761904761905,7.75
"strict","Entire home/apt",2019,66,4,46,0.5,4,418,328,92,7.75
"moderate","Entire home/apt",2005,52,5,6,0.21,1,0,258,28.5714285714286,6.2
"moderate","Entire home/apt",2017,41,1,5,0.13,4,177,205,38.4615384615385,31
"moderate","Entire home/apt",2014,172,5,29,0.98,5,0,862,29.5918367346939,6.2
"moderate","Shared room",2008,117,2,13,1.34,4,5,586,9.70149253731343,15.5
"strict","Private room",2014,81,1,1,0.04,4,0,403,25,31
"flexible","Entire home/apt",2017,78,7,27,0.62,4,0,391,43.5483870967742,4.42857142857143
"strict","Entire home/apt",2017,57,3,15,1.21,2,84,285,12.396694214876,10.3333333333333
"flexible","Entire home/apt",2004,14,30,14,0.16,2,249,70,87.5,1.03333333333333
"flexible","Private room",2011,37,2,26,1.18,5,364,184,22.0338983050847,15.5
"strict","Private room",2012,211,30,2,0.45,3,0,1054,4.44444444444444,1.03333333333333
"moderate","Private room",2012,48,30,3,0.26,4,288,238,11.5384615384615,1.03333333333333
"flexible","Private room",2005,176,1,1,1,3,23,882,1,31
"moderate","Private room",2003,183,2,1,0.03,3,50,915,33.3333333333333,15.5
"flexible","Private room",2011,172,2,3,0.86,3,188,859,3.48837209302326,15.5
"flexible","Private room",2011,186,1,1,0.03,1,0,931,33.3333333333333,31
"moderate","Entire home/apt",2010,10,1,60,3.05,4,317,52,19.672131147541,31
"moderate","Private room",2010,60,1,4,1.19,3,260,302,3.36134453781513,31
"moderate","Entire home/apt",2019,41,6,1,0.16,4,386,206,6.25,5.16666666666667
"moderate","Private room",2004,172,2,21,0.36,2,39,861,58.3333333333333,15.5
"strict","Private room",2020,53,2,27,0.72,3,320,266,37.5,15.5
"flexible","Entire home/apt",2005,58,2,3,0.24,3,0,291,12.5,15.5
"strict","Private room",2010,168,3,2,0.17,2,0,841,11.7647058823529,10.3333333333333
"moderate","Private room",2017,45,30,38,0.48,3,284,223,79.1666666666667,1.03333333333333
"strict","Private room",2017,149,7,8,0.73,2,310,747,10.958904109589,4.42857142857143
"moderate","Private room",2013,209,15,25,0.46,5,46,1043,54.3478260869565,2.06666666666667
"moderate","Entire home/apt",2006,144,3,1,1,2,334,722,1,10.3333333333333
"strict","Entire home/apt",2017,160,30,11,0.35,2,342,799,31.4285714285714,1.03333333333333
"flexible","Entire home/apt",2004,80,31,8,0.49,3,342,400,16.3265306122449,1
"flexible","Entire home/apt",2022,108,2,6,0.99,5,87,541,6.06060606060606,15.5
"flexible","Private room",2022,27,30,4,0.05,5,175,134,80,1.03333333333333
"moderate","Entire home/apt",2013,239,5,37,2.98,2,185,1197,12.4161073825503,6.2
"flexible","Private room",2015,161,15,7,0.13,2,289,803,53.8461538461538,2.06666666666667
"moderate","Private room",2010,216,1,40,2.15,4,146,1082,18.6046511627907,31
"moderate","Shared room",2007,95,1,46,1.38,2,0,476,33.3333333333333,31
"flexible","Shared room",2012,142,1,8,0.11,2,218,712,72.7272727272727,31
"moderate","Entire home/apt",2015,236,1,1,0.03,5,82,1179,33.3333333333333,31
"strict","Entire home/apt",2016,34,4,8,0.51,5,161,172,15.6862745098039,7.75
"strict","Entire home/apt",2010,32,7,50,0.66,3,196,162,75.7575757575758,4.42857142857143
"flexible","Entire home/apt",2018,236,29,1,0.3,2,58,1181,3.33333333333333,1.06896551724138
"strict","Entire home/apt",2022,57,1,27,6.59,3,133,283,4.09711684370258,31
"strict","Private room",2017,49,1,2,0.09,5,0,245,22.2222222222222,31
"strict","Entire home/apt",2004,89,3,6,0.25,4,0,447,24,10.3333333333333
"moderate","Private room",2004,38,3,10,0.39,5,180,190,25.6410256410256,10.3333333333333
"strict","Entire home/apt",2015,216,30,3,0.09,5,401,1081,33.3333333333333,1.03333333333333
"flexible","Entire home/apt",2013,104,9,2,0.11,4,0,519,18.1818181818182,3.44444444444444
"strict","Entire home/apt",2009,145,3,110,2.87,3,322,723,38.3275261324042,10.3333333333333
"moderate","Entire home/apt",2014,184,2,18,1.46,5,39,922,12.3287671232877,15.5
"strict","Entire home/apt",2017,13,1,36,4.62,5,301,64,7.79220779220779,31
"flexible","Entire home/apt",2022,71,3,14,0.15,5,138,357,93.3333333333333,10.3333333333333
"strict","Entire home/apt",2018,34,2,22,0.66,4,5,168,33.3333333333333,15.5
"moderate","Private room",2006,108,3,9,0.19,1,63,539,47.3684210526316,10.3333333333333
"strict","Entire home/apt",2012,36,1,35,3.37,3,35,182,10.3857566765579,31
"flexible","Private room",2022,146,1,22,1.33,5,36,732,16.5413533834586,31
"moderate","Entire home/apt",2008,37,4,3,0.58,4,320,183,5.17241379310345,7.75
"moderate","Entire home/apt",2020,29,3,11,0.84,3,3,144,13.0952380952381,10.3333333333333
"flexible","Private room",2009,94,1,85,1.15,1,30,472,73.9130434782609,31
"moderate","Entire home/apt",2011,20,60,2,0.04,1,267,98,50,0.516666666666667
"strict","Entire home/apt",2013,75,30,12,0.34,4,120,374,35.2941176470588,1.03333333333333
"strict","Entire home/apt",2013,114,30,2,0.16,3,34,570,12.5,1.03333333333333
"moderate","Entire home/apt",2016,141,2,31,0.42,3,0,705,73.8095238095238,15.5
"flexible","Private room",2019,71,2,53,1.64,1,324,357,32.3170731707317,15.5
"strict","Entire home/apt",2008,223,30,1,0.88,2,338,1117,1.13636363636364,1.03333333333333
"flexible","Private room",2019,130,2,181,5.42,2,52,648,33.3948339483395,15.5
"moderate","Private room",2016,190,1,28,0.67,5,123,949,41.7910447761194,31
"strict","Entire home/apt",2010,225,3,1,0.02,2,86,1126,50,10.3333333333333
"moderate","Entire home/apt",2012,143,1,87,2.28,1,28,715,38.1578947368421,31
"strict","Entire home/apt",2012,206,6,25,0.49,4,254,1029,51.0204081632653,5.16666666666667
"strict","Private room",2019,207,1,280,3.51,1,246,1034,79.7720797720798,31
"flexible","Entire home/apt",2010,158,2,15,3.17,2,207,791,4.73186119873817,15.5
"flexible","Private room",2022,87,3,177,2.69,4,317,433,65.7992565055762,10.3333333333333
"strict","Private room",2006,224,3,2,0.17,5,0,1121,11.7647058823529,10.3333333333333
"strict","Private room",2021,86,5,5,0.11,1,330,428,45.4545454545455,6.2
"moderate","Private room",2007,72,1,186,6.38,3,199,359,29.153605015674,31
"moderate","Entire home/apt",2003,93,2,144,2.78,2,225,467,51.7985611510791,15.5
"flexible","Entire home/apt",2007,222,30,12,0.39,4,68,1109,30.7692307692308,1.03333333333333
"strict","Private room",2020,238,2,8,2.53,2,26,1190,3.16205533596838,15.5
"strict","Entire home/apt",2015,25,1,2,0.06,3,0,127,33.3333333333333,31
"strict","Entire home/apt",2011,154,1,3,0.08,3,16,768,37.5,31
"strict","Entire home/apt",2014,35,4,18,0.52,3,0,176,34.6153846153846,7.75
"strict","Private room",2015,219,3,20,1.15,3,178,1095,17.3913043478261,10.3333333333333
"flexible","Entire home/apt",2009,220,39,25,0.35,1,245,1100,71.4285714285714,0.794871794871795
"moderate","Private room",2015,209,1,46,7.54,3,254,1047,6.10079575596817,31
"strict","Entire home/apt",2015,227,12,5,0.13,4,227,1135,38.4615384615385,2.58333333333333
"flexible","Entire home/apt",2019,40,1,11,7.5,2,280,202,1.46666666666667,31
"flexible","Entire home/apt",2011,59,3,2,0.06,5,0,296,33.3333333333333,10.3333333333333
"strict","Entire home/apt",2017,98,2,18,0.81,5,0,492,22.2222222222222,15.5
"strict","Private room",2015,231,1,18,3.33,4,362,1157,5.40540540540541,31
"strict","Private room",2015,34,2,220,2.85,4,410,171,77.1929824561403,15.5
"strict","Entire home/apt",2016,118,1,49,1.7,1,247,592,28.8235294117647,31
"flexible","Entire home/apt",2019,98,10,16,0.29,3,32,489,55.1724137931035,3.1
"moderate","Private room",2008,220,4,45,2.53,2,38,1100,17.7865612648221,7.75
"flexible","Entire home/apt",2006,195,7,20,0.71,1,23,976,28.169014084507,4.42857142857143
"flexible","Entire home/apt",2011,138,2,333,5.9,2,239,690,56.4406779661017,15.5
"moderate","Entire home/apt",2009,123,2,16,0.52,3,16,616,30.7692307692308,15.5
"moderate","Entire home/apt",2012,181,3,45,0.98,3,121,905,45.9183673469388,10.3333333333333
"moderate","Private room",2009,114,1,5,4.69,5,130,572,1.06609808102345,31
"strict","Entire home/apt",2006,155,30,6,0.12,5,310,777,50,1.03333333333333
"moderate","Entire home/apt",2011,230,3,1,0.16,2,0,1151,6.25,10.3333333333333
"moderate","Private room",2019,183,2,45,0.77,3,302,915,58.4415584415584,15.5
"flexible","Entire home/apt",2004,236,2,6,0.16,2,175,1178,37.5,15.5
"flexible","Private room",2020,33,1,9,0.31,3,9,163,29.0322580645161,31
"flexible","Private room",2021,119,3,287,2.36,3,306,593,121.610169491525,10.3333333333333
"strict","Private room",2012,208,1,23,2.46,5,347,1038,9.34959349593496,31
"flexible","Private room",2015,42,5,40,1.31,5,45,208,30.5343511450382,6.2
"strict","Entire home/apt",2010,78,4,10,1.29,2,365,389,7.75193798449612,7.75
"flexible","Entire home/apt",2008,124,2,2,2,3,335,622,1,15.5
"strict","Entire home/apt",2013,101,2,1,0.16,2,0,507,6.25,15.5
"strict","Entire home/apt",2022,143,2,29,1.1,2,1,715,26.3636363636364,15.5
"moderate","Private room",2011,102,5,5,0.88,2,184,509,5.68181818181818,6.2
"flexible","Entire home/apt",2004,163,2,58,1.5,1,279,815,38.6666666666667,15.5
"strict","Private room",2011,34,1,8,1.62,4,359,169,4.93827160493827,31
"moderate","Entire home/apt",2014,99,1,8,0.52,3,6,493,15.3846153846154,31
"moderate","Entire home/apt",2012,59,30,1,0.16,2,307,294,6.25,1.03333333333333
"strict","Entire home/apt",2013,170,2,2,0.66,5,164,850,3.03030303030303,15.5
"strict","Private room",2019,226,1,73,1.58,5,334,1132,46.2025316455696,31
"strict","Private room",2006,102,2,4,1.58,2,243,512,2.53164556962025,15.5
"flexible","Entire home/apt",2014,205,7,4,0.1,4,130,1024,40,4.42857142857143
"strict","Private room",2009,198,1,1,0.02,1,133,992,50,31
"strict","Private room",2012,211,2,3,0.11,3,0,1056,27.2727272727273,15.5
"moderate","Entire home/apt",2005,63,30,4,0.26,2,0,313,15.3846153846154,1.03333333333333
"moderate","Entire home/apt",2007,71,4,17,0.58,5,0,356,29.3103448275862,7.75
"strict","Entire home/apt",2020,106,2,3,0.16,4,0,530,18.75,15.5
"moderate","Private room",2012,134,5,3,0.27,3,32,671,11.1111111111111,6.2
"flexible","Private room",2014,21,1,9,0.42,4,81,104,21.4285714285714,31
"strict","Entire home/apt",2006,230,2,3,0.77,2,25,1152,3.8961038961039,15.5
"strict","Entire home/apt",2017,84,2,116,4.18,4,199,421,27.7511961722488,15.5
"strict","Entire home/apt",2015,132,1,1,0.54,2,217,659,1.85185185185185,31
"flexible","Entire home/apt",2010,43,1,89,3.42,2,157,217,26.0233918128655,31
"flexible","Private room",2021,117,1,209,7.18,5,252,585,29.108635097493,31
"moderate","Entire home/apt",2008,51,1,2,0.13,2,0,257,15.3846153846154,31
"strict","Entire home/apt",2019,28,7,5,0.11,4,331,139,45.4545454545455,4.42857142857143
"flexible","Entire home/apt",2015,70,2,32,2.02,3,47,350,15.8415841584158,15.5
"flexible","Entire home/apt",2013,202,1,13,1.04,3,0,1009,12.5,31
"strict","Entire home/apt",2003,100,2,1,0.02,4,0,501,50,15.5
"strict","Private room",2010,200,5,6,0.19,2,0,1002,31.5789473684211,6.2
"moderate","Private room",2006,91,7,11,0.42,1,230,455,26.1904761904762,4.42857142857143
"strict","Private room",2022,21,2,6,0.14,3,247,105,42.8571428571429,15.5
"moderate","Private room",2016,107,1,22,1.88,2,365,534,11.7021276595745,31
"flexible","Entire home/apt",2007,201,5,25,2.42,3,127,1003,10.3305785123967,6.2
"strict","Private room",2008,162,1,3,3,2,89,812,1,31
"strict","Private room",2010,13,1,1,0.03,5,0,67,33.3333333333333,31
"flexible","Entire home/apt",2019,163,31,23,0.62,1,180,815,37.0967741935484,1
"strict","Private room",2014,165,7,17,0.28,3,147,826,60.7142857142857,4.42857142857143
"moderate","Entire home/apt",2011,56,4,2,0.74,2,0,281,2.7027027027027,7.75
"flexible","Entire home/apt",2019,187,3,39,0.85,3,19,934,45.8823529411765,10.3333333333333
"strict","Entire home/apt",2016,66,4,9,0.42,4,291,332,21.4285714285714,7.75
"flexible","Private room",2010,118,2,80,1.49,4,286,590,53.6912751677852,15.5
"flexible","Entire home/apt",2005,147,2,16,0.67,2,0,737,23.8805970149254,15.5
"strict","Shared room",2019,149,4,4,1.46,5,166,743,2.73972602739726,7.75
"flexible","Private room",2003,176,2,12,0.21,5,158,878,57.1428571428571,15.5
"moderate","Entire home/apt",2003,140,1,42,2.11,2,28,702,19.9052132701422,31
"moderate","Entire home/apt",2017,207,2,21,3.28,3,335,1037,6.40243902439024,15.5
"flexible","Entire home/apt",2018,138,2,7,0.2,4,71,689,35,15.5
"moderate","Entire home/apt",2012,156,5,1,1,2,30,780,1,6.2
"flexible","Entire home/apt",2010,224,3,34,1.7,4,108,1122,20,10.3333333333333
"moderate","Private room",2021,164,5,1,0.1,2,48,822,10,6.2
"strict","Private room",2006,120,5,26,0.93,2,325,598,27.9569892473118,6.2
"flexible","Entire home/apt",2012,163,30,4,0.64,5,198,815,6.25,1.03333333333333
"moderate","Private room",2007,217,30,18,0.35,5,364,1085,51.4285714285714,1.03333333333333
"moderate","Private room",2006,91,2,5,0.19,2,350,454,26.3157894736842,15.5
"moderate","Entire home/apt",2003,188,1,1,0.21,5,90,940,4.76190476190476,31
"flexible","Shared room",2004,204,2,11,1.33,3,270,1020,8.27067669172932,15.5
"strict","Entire home/apt",2004,208,2,2,0.06,4,0,1041,33.3333333333333,15.5
"flexible","Entire home/apt",2008,174,4,5,0.53,5,1,868,9.43396226415094,7.75
"flexible","Private room",2010,238,1,1,0.02,4,364,1189,50,31
"flexible","Shared room",2007,95,100,2,0.18,3,320,476,11.1111111111111,0.31
"moderate","Private room",2020,103,1,21,0.5,2,218,515,42,31
"moderate","Entire home/apt",2020,209,7,84,1.65,4,248,1046,50.9090909090909,4.42857142857143
"strict","Entire home/apt",2019,50,29,5,0.54,3,39,249,9.25925925925926,1.06896551724138
"strict","Entire home/apt",2014,30,4,3,0.24,2,89,150,12.5,7.75
"moderate","Private room",2013,204,3,5,0.2,2,0,1020,25,10.3333333333333
"strict","Entire home/apt",2006,162,2,3,0.98,5,0,812,3.06122448979592,15.5
"strict","Entire home/apt",2012,211,3,42,3.82,4,100,1055,10.9947643979058,10.3333333333333
"moderate","Private room",2003,124,5,46,0.6,5,343,621,76.6666666666667,6.2
"strict","Entire home/apt",2014,86,4,7,0.29,3,8,430,24.1379310344828,7.75
"flexible","Private room",2022,39,3,25,0.73,2,0,197,34.2465753424658,10.3333333333333
"flexible","Entire home/apt",2022,160,2,6,0.28,3,177,800,21.4285714285714,15.5
"strict","Entire home/apt",2006,216,2,97,3,1,68,1080,32.3333333333333,15.5
"moderate","Private room",2022,36,6,2,0.05,4,296,178,40,5.16666666666667
"strict","Private room",2011,65,4,101,1.19,5,74,325,84.8739495798319,7.75
"strict","Private room",2012,59,14,55,0.95,3,247,296,57.8947368421053,2.21428571428571
"flexible","Entire home/apt",2015,154,1,2,0.05,4,241,772,40,31
"strict","Entire home/apt",2018,221,2,167,1.95,2,204,1105,85.6410256410256,15.5
"strict","Entire home/apt",2015,51,1,11,0.36,3,76,255,30.5555555555556,31
"flexible","Private room",2021,238,1,1,0.05,4,0,1192,20,31
"strict","Entire home/apt",2018,65,1,2,2,4,42,324,1,31
"strict","Entire home/apt",2015,69,4,13,0.15,5,195,345,86.6666666666667,7.75
"moderate","Entire home/apt",2011,223,4,78,1.01,4,365,1114,77.2277227722772,7.75
"strict","Entire home/apt",2019,73,5,2,0.41,2,0,367,4.8780487804878,6.2
"strict","Private room",2018,234,3,2,0.07,5,0,1168,28.5714285714286,10.3333333333333
"moderate","Private room",2009,230,2,68,2.22,2,69,1150,30.6306306306306,15.5
"flexible","Entire home/apt",2020,77,30,8,0.13,4,282,385,61.5384615384615,1.03333333333333
"strict","Private room",2015,72,7,3,0.12,2,0,361,25,4.42857142857143
"flexible","Private room",2006,39,30,2,0.32,5,1,194,6.25,1.03333333333333
"moderate","Entire home/apt",2005,23,12,16,0.22,2,309,114,72.7272727272727,2.58333333333333
"strict","Entire home/apt",2007,124,30,47,0.44,5,364,621,106.818181818182,1.03333333333333
"moderate","Private room",2017,141,1,19,0.58,4,88,705,32.7586206896552,31
"moderate","Private room",2011,182,2,27,1.14,3,353,908,23.6842105263158,15.5
"strict","Entire home/apt",2004,67,30,17,0.52,5,285,335,32.6923076923077,1.03333333333333
"flexible","Private room",2018,217,2,10,2.1,5,6,1084,4.76190476190476,15.5
"moderate","Private room",2021,29,2,4,0.15,1,0,147,26.6666666666667,15.5
"strict","Entire home/apt",2012,228,7,1,0.04,5,0,1141,25,4.42857142857143
"flexible","Entire home/apt",2019,72,3,4,0.43,2,85,360,9.30232558139535,10.3333333333333
"flexible","Private room",2013,11,1,52,1.7,2,18,55,30.5882352941176,31
"strict","Private room",2019,159,4,5,0.24,3,0,797,20.8333333333333,7.75
"strict","Entire home/apt",2015,76,13,2,0.14,2,173,379,14.2857142857143,2.38461538461538
"strict","Private room",2016,208,1,115,4.94,2,76,1038,23.2793522267206,31
"flexible","Private room",2016,232,1,1,0.06,4,0,1159,16.6666666666667,31
"strict","Private room",2005,40,2,33,1.86,3,0,200,17.741935483871,15.5
"strict","Entire home/apt",2012,175,1,9,2.67,2,1,876,3.37078651685393,31
"moderate","Entire home/apt",2017,104,1,11,0.48,4,0,519,22.9166666666667,31
"flexible","Entire home/apt",2011,182,30,3,0.08,3,0,911,37.5,1.03333333333333
"flexible","Entire home/apt",2012,14,2,2,0.13,3,0,68,15.3846153846154,15.5
"flexible","Private room",2005,39,2,1,0.03,4,0,197,33.3333333333333,15.5
"moderate","Entire home/apt",2017,52,30,26,0.33,3,263,259,78.7878787878788,1.03333333333333
"moderate","Entire home/apt",2006,163,3,27,3.65,2,304,813,7.3972602739726,10.3333333333333
"moderate","Private room",2005,101,1,1,0.48,2,149,505,2.08333333333333,31
"flexible","Private room",2008,64,2,28,0.82,4,0,321,34.1463414634146,15.5
"flexible","Private room",2009,71,1,37,1.56,4,89,357,23.7179487179487,31
"flexible","Private room",2010,147,2,14,0.62,2,0,736,22.5806451612903,15.5
"moderate","Private room",2010,124,1,5,0.09,2,93,618,55.5555555555556,31
"moderate","Entire home/apt",2010,193,30,1,0.05,5,365,966,20,1.03333333333333
"moderate","Private room",2010,98,2,59,1.56,1,337,491,37.8205128205128,15.5
"flexible","Entire home/apt",2021,209,1,256,2.76,4,280,1045,92.7536231884058,31
"strict","Private room",2013,67,3,232,2.52,4,418,335,92.0634920634921,10.3333333333333
"flexible","Entire home/apt",2007,54,30,1,0.03,4,418,268,33.3333333333333,1.03333333333333
"strict","Entire home/apt",2013,47,31,23,0.62,2,105,237,37.0967741935484,1
"strict","Private room",2005,114,7,11,1.3,3,356,572,8.46153846153846,4.42857142857143
"flexible","Entire home/apt",2008,23,4,7,0.16,2,188,115,43.75,7.75
"flexible","Entire home/apt",2014,119,30,4,0.22,5,7,596,18.1818181818182,1.03333333333333
"moderate","Private room",2017,68,2,166,4.68,1,8,341,35.4700854700855,15.5
"moderate","Entire home/apt",2021,212,30,1,0.27,3,8,1059,3.7037037037037,1.03333333333333
"moderate","Entire home/apt",2014,53,6,16,0.28,2,39,267,57.1428571428571,5.16666666666667
"strict","Entire home/apt",2009,41,1,115,5.06,4,67,203,22.7272727272727,31
"moderate","Entire home/apt",2022,106,3,26,1.68,4,15,531,15.4761904761905,10.3333333333333
"strict","Entire home/apt",2022,137,1,362,4.04,5,93,685,89.6039603960396,31
"strict","Private room",2004,68,1,12,0.42,4,0,341,28.5714285714286,31
"strict","Private room",2011,160,1,99,3.31,3,112,800,29.9093655589124,31
"moderate","Entire home/apt",2022,130,5,40,1.09,5,348,652,36.697247706422,6.2
"strict","Private room",2010,225,6,11,0.24,5,132,1124,45.8333333333333,5.16666666666667
"flexible","Private room",2018,104,3,95,1.97,1,89,519,48.2233502538071,10.3333333333333
"strict","Entire home/apt",2010,147,7,2,0.75,3,76,737,2.66666666666667,4.42857142857143
"strict","Entire home/apt",2021,220,2,130,2.23,4,282,1098,58.2959641255605,15.5
"moderate","Private room",2015,178,2,7,0.54,4,0,889,12.962962962963,15.5
"moderate","Entire home/apt",2009,44,1,1,0.02,2,260,220,50,31
"flexible","Entire home/apt",2018,145,3,96,2.51,2,410,724,38.2470119521912,10.3333333333333
"strict","Private room",2005,172,1,12,2.95,3,358,861,4.06779661016949,31
"moderate","Entire home/apt",2004,20,7,5,0.09,4,90,102,55.5555555555556,4.42857142857143
"strict","Private room",2004,132,30,77,0.88,2,364,658,87.5,1.03333333333333
"moderate","Entire home/apt",2019,169,1,3,1.29,4,343,844,2.32558139534884,31
"strict","Entire home/apt",2005,34,30,1,0.04,5,311,169,25,1.03333333333333
"moderate","Entire home/apt",2014,95,2,20,0.98,5,293,473,20.4081632653061,15.5
"strict","Private room",2011,151,2,68,3.25,5,9,756,20.9230769230769,15.5
"strict","Entire home/apt",2011,180,15,11,0.26,3,0,900,42.3076923076923,2.06666666666667
"moderate","Entire home/apt",2013,86,4,2,0.05,2,257,430,40,7.75
"flexible","Private room",2006,155,1,81,7.55,4,322,777,10.7284768211921,31
"strict","Entire home/apt",2016,13,2,12,3.43,4,305,67,3.49854227405248,15.5
"flexible","Private room",2013,66,4,203,1.52,2,274,332,133.552631578947,7.75
"strict","Entire home/apt",2015,170,4,11,0.64,2,0,850,17.1875,7.75
"flexible","Private room",2012,124,2,7,0.26,3,71,622,26.9230769230769,15.5
"moderate","Private room",2018,91,3,26,2.83,5,46,456,9.18727915194346,10.3333333333333
"flexible","Entire home/apt",2022,177,7,4,0.33,2,163,885,12.1212121212121,4.42857142857143
"moderate","Private room",2003,131,2,9,1.38,4,365,656,6.52173913043478,15.5
"moderate","Private room",2005,76,1,155,1.78,5,328,378,87.0786516853933,31
"strict","Private room",2006,58,5,138,1.93,3,15,291,71.5025906735751,6.2
"strict","Private room",2013,37,4,43,1.41,4,58,185,30.4964539007092,7.75
"moderate","Entire home/apt",2013,169,3,4,0.14,2,0,846,28.5714285714286,10.3333333333333
"flexible","Entire home/apt",2005,30,1,34,3.01,2,20,150,11.2956810631229,31
"strict","Entire home/apt",2019,70,1,25,2.07,4,0,348,12.0772946859903,31
"moderate","Private room",2012,70,60,1,0.22,4,337,350,4.54545454545455,0.516666666666667
"strict","Shared room",2006,201,30,2,0.07,3,365,1003,28.5714285714286,1.03333333333333
"moderate","Private room",2006,131,1,98,3.25,1,350,656,30.1538461538462,31
"moderate","Entire home/apt",2007,102,2,1,0.05,4,0,511,20,15.5
"flexible","Private room",2004,119,5,4,0.15,1,0,593,26.6666666666667,6.2
"flexible","Private room",2019,128,1,10,0.87,5,356,641,11.4942528735632,31
"strict","Entire home/apt",2016,130,5,6,0.1,4,263,648,60,6.2
"flexible","Entire home/apt",2005,87,1,56,0.64,4,0,434,87.5,31
"moderate","Private room",2014,60,1,1,0.03,2,285,302,33.3333333333333,31
"flexible","Entire home/apt",2018,20,3,11,3.3,2,296,102,3.33333333333333,10.3333333333333
"moderate","Private room",2008,132,7,15,0.32,4,66,662,46.875,4.42857142857143
"strict","Private room",2021,228,5,112,1.59,3,18,1142,70.440251572327,6.2
"moderate","Entire home/apt",2004,238,3,33,1.12,1,259,1188,29.4642857142857,10.3333333333333
"strict","Entire home/apt",2010,35,3,1,0.03,4,0,176,33.3333333333333,10.3333333333333
"moderate","Private room",2020,114,30,2,0.21,2,233,572,9.52380952380952,1.03333333333333
"strict","Entire home/apt",2003,188,4,31,1.31,1,291,938,23.6641221374046,7.75
"flexible","Private room",2011,150,2,12,2.02,3,299,749,5.94059405940594,15.5
"strict","Entire home/apt",2009,20,30,2,0.15,3,364,102,13.3333333333333,1.03333333333333
"strict","Entire home/apt",2016,136,30,19,0.36,4,0,682,52.7777777777778,1.03333333333333
"strict","Private room",2011,83,1,3,2.5,2,0,413,1.2,31
"moderate","Private room",2007,80,3,30,0.65,2,155,399,46.1538461538462,10.3333333333333
"moderate","Private room",2005,182,3,25,3.35,5,339,908,7.46268656716418,10.3333333333333
"flexible","Entire home/apt",2017,196,30,62,0.74,1,8,982,83.7837837837838,1.03333333333333
"strict","Entire home/apt",2005,82,7,6,0.23,5,52,411,26.0869565217391,4.42857142857143
"flexible","Private room",2006,191,2,5,1.35,2,112,954,3.7037037037037,15.5
"moderate","Private room",2021,15,21,1,0.18,5,55,75,5.55555555555556,1.47619047619048
"flexible","Private room",2010,171,7,1,0.83,2,21,854,1.20481927710843,4.42857142857143
"strict","Entire home/apt",2003,92,2,36,5.24,3,191,459,6.87022900763359,15.5
"moderate","Private room",2017,86,4,17,0.76,4,0,430,22.3684210526316,7.75
"moderate","Entire home/apt",2019,39,4,4,0.09,2,178,194,44.4444444444444,7.75
"strict","Entire home/apt",2020,30,1,25,7.98,4,12,151,3.1328320802005,31
"moderate","Entire home/apt",2022,23,1,1,0.03,2,365,115,33.3333333333333,31
"strict","Private room",2019,180,1,1,1,2,88,899,1,31
"strict","Private room",2022,237,2,111,4.46,3,109,1184,24.8878923766816,15.5
"strict","Private room",2013,142,1,23,7.04,3,48,708,3.26704545454545,31
"moderate","Private room",2012,238,3,3,1.61,4,180,1188,1.86335403726708,10.3333333333333
"strict","Private room",2013,131,28,14,0.5,2,0,655,28,1.10714285714286
"flexible","Private room",2019,26,3,1,0.04,3,0,132,25,10.3333333333333
"moderate","Private room",2019,229,1,9,0.19,2,23,1143,47.3684210526316,31
"flexible","Entire home/apt",2011,232,30,21,0.61,5,108,1160,34.4262295081967,1.03333333333333
"strict","Private room",2004,46,1,23,2.18,4,365,229,10.5504587155963,31
"moderate","Entire home/apt",2022,127,5,7,0.11,4,402,636,63.6363636363636,6.2
"flexible","Private room",2009,152,3,16,4.03,4,33,761,3.97022332506203,10.3333333333333
"flexible","Entire home/apt",2005,142,2,44,5.22,3,93,710,8.42911877394636,15.5
"moderate","Entire home/apt",2020,194,2,116,3.78,1,230,969,30.6878306878307,15.5
"moderate","Entire home/apt",2008,89,60,1,0.17,3,258,447,5.88235294117647,0.516666666666667
"strict","Private room",2009,185,1,10,0.63,2,179,926,15.8730158730159,31
"moderate","Private room",2004,225,1,17,0.4,4,44,1127,42.5,31
"moderate","Private room",2005,70,1,12,0.68,2,89,349,17.6470588235294,31
"flexible","Private room",2020,64,2,6,0.3,2,0,318,20,15.5
"flexible","Private room",2009,29,1,1,0.03,5,255,145,33.3333333333333,31
"flexible","Entire home/apt",2017,177,21,8,0.77,5,80,886,10.3896103896104,1.47619047619048
"moderate","Private room",2014,204,1,5,0.17,2,356,1022,29.4117647058824,31
"moderate","Private room",2021,224,1,1,0.5,2,357,1120,2,31
"flexible","Entire home/apt",2006,85,3,11,0.36,2,0,423,30.5555555555556,10.3333333333333
"strict","Entire home/apt",2021,14,10,8,0.17,2,203,71,47.0588235294118,3.1
"moderate","Private room",2017,101,2,36,3.17,4,218,503,11.3564668769716,15.5
"flexible","Private room",2005,226,2,22,0.76,5,88,1129,28.9473684210526,15.5
"strict","Entire home/apt",2017,211,3,6,0.57,3,0,1057,10.5263157894737,10.3333333333333
"strict","Private room",2004,164,1,94,2.14,3,350,822,43.9252336448598,31
"strict","Entire home/apt",2013,103,4,2,0.12,4,0,517,16.6666666666667,7.75
"moderate","Entire home/apt",2016,125,2,34,2.37,2,205,623,14.3459915611814,15.5
"strict","Entire home/apt",2004,158,2,19,0.99,2,15,792,19.1919191919192,15.5
"strict","Private room",2022,234,2,257,6.91,2,11,1171,37.1924746743849,15.5
"strict","Entire home/apt",2004,100,2,11,2.92,2,38,499,3.76712328767123,15.5
"moderate","Private room",2016,18,3,3,0.14,2,352,91,21.4285714285714,10.3333333333333
"flexible","Entire home/apt",2022,111,2,35,1.52,4,129,554,23.0263157894737,15.5
"strict","Entire home/apt",2016,230,1,111,2.2,4,62,1149,50.4545454545455,31
"moderate","Private room",2006,222,7,12,0.55,3,342,1108,21.8181818181818,4.42857142857143
"strict","Shared room",2008,127,1,10,6.82,4,351,633,1.46627565982405,31
"strict","Entire home/apt",2013,79,3,52,4.64,4,228,396,11.2068965517241,10.3333333333333
"flexible","Private room",2022,209,1,436,16.03,1,337,1043,27.199001871491,31
"strict","Entire home/apt",2006,129,3,116,1.32,5,215,647,87.8787878787879,10.3333333333333
"moderate","Private room",2015,172,1,9,0.22,4,209,860,40.9090909090909,31
"moderate","Entire home/apt",2013,203,4,203,2.03,2,155,1015,100,7.75
"moderate","Entire home/apt",2010,94,2,78,2.55,3,149,469,30.5882352941176,15.5
"moderate","Private room",2005,133,1,111,3.77,2,9,664,29.4429708222812,31
"strict","Entire home/apt",2009,33,1,14,0.33,5,0,164,42.4242424242424,31
"flexible","Private room",2011,206,1,7,0.23,2,0,1032,30.4347826086957,31
"moderate","Private room",2015,109,1,1,1,5,51,547,1,31
"flexible","Entire home/apt",2016,178,30,6,0.24,4,0,889,25,1.03333333333333
"flexible","Private room",2010,209,3,4,0.43,5,85,1043,9.30232558139535,10.3333333333333
"moderate","Entire home/apt",2019,24,30,5,0.51,2,74,121,9.80392156862745,1.03333333333333
"flexible","Entire home/apt",2014,234,2,19,1.84,3,0,1168,10.3260869565217,15.5
"moderate","Private room",2018,238,7,15,0.7,2,71,1192,21.4285714285714,4.42857142857143
"flexible","Entire home/apt",2009,151,30,5,0.12,4,75,757,41.6666666666667,1.03333333333333
"moderate","Entire home/apt",2014,120,3,88,2.56,5,321,599,34.375,10.3333333333333
"flexible","Entire home/apt",2018,104,2,24,3.55,5,158,522,6.76056338028169,15.5
"strict","Private room",2003,73,1,1,1,4,362,366,1,31
"moderate","Entire home/apt",2012,39,2,4,1.97,5,333,196,2.03045685279188,15.5
"moderate","Entire home/apt",2013,150,1,1,0.25,5,88,752,4,31
"moderate","Private room",2022,133,1,1,0.02,5,143,664,50,31
"flexible","Entire home/apt",2016,94,4,26,0.62,3,288,472,41.9354838709677,7.75
"moderate","Entire home/apt",2021,34,3,2,0.07,1,0,171,28.5714285714286,10.3333333333333
"flexible","Entire home/apt",2006,102,4,13,0.68,2,111,512,19.1176470588235,7.75
"strict","Entire home/apt",2018,104,12,1,0.16,4,0,521,6.25,2.58333333333333
"strict","Entire home/apt",2014,68,2,100,3.67,5,91,341,27.2479564032698,15.5
"moderate","Private room",2003,33,1,50,0.61,4,37,167,81.9672131147541,31
"moderate","Private room",2014,128,5,32,1.14,4,350,640,28.0701754385965,6.2
"moderate","Private room",2010,50,1,5,0.12,1,307,250,41.6666666666667,31
"moderate","Entire home/apt",2022,22,3,48,1.42,1,3,111,33.8028169014085,10.3333333333333
"flexible","Entire home/apt",2003,71,1,24,1.3,2,328,353,18.4615384615385,31
"moderate","Entire home/apt",2014,85,2,5,0.16,3,9,426,31.25,15.5
"strict","Entire home/apt",2005,180,2,33,0.9,2,1,900,36.6666666666667,15.5
"flexible","Private room",2014,71,7,9,0.28,5,0,353,32.1428571428571,4.42857142857143
"flexible","Private room",2020,207,2,102,3.33,3,99,1036,30.6306306306306,15.5
"flexible","Entire home/apt",2016,178,30,6,0.24,4,0,889,25,1.03333333333333
"moderate","Private room",2019,135,4,10,1.06,4,7,677,9.43396226415094,7.75
"moderate","Entire home/apt",2020,197,2,46,0.8,5,392,984,57.5,15.5
"flexible","Private room",2011,27,3,3,0.09,3,0,134,33.3333333333333,10.3333333333333
"flexible","Entire home/apt",2004,116,2,128,3.77,4,93,582,33.9522546419098,15.5
"strict","Entire home/apt",2003,159,3,7,4.2,4,299,796,1.66666666666667,10.3333333333333
"flexible","Private room",2005,75,2,53,2.3,2,8,375,23.0434782608696,15.5
"flexible","Private room",2004,33,2,55,1.28,1,306,163,42.96875,15.5
"moderate","Entire home/apt",2003,113,1,68,1.18,4,0,564,57.6271186440678,31
"flexible","Entire home/apt",2008,82,1,52,3.59,3,262,408,14.4846796657382,31
"flexible","Private room",2010,37,1,5,0.13,3,28,184,38.4615384615385,31
"flexible","Private room",2011,138,1,25,0.88,2,0,689,28.4090909090909,31
"flexible","Entire home/apt",2003,203,30,11,0.39,4,249,1016,28.2051282051282,1.03333333333333
"strict","Private room",2017,187,3,3,1.8,3,56,933,1.66666666666667,10.3333333333333
"strict","Private room",2022,130,2,30,2.61,4,24,650,11.4942528735632,15.5
"strict","Entire home/apt",2004,164,1,10,0.22,5,86,819,45.4545454545455,31
"strict","Private room",2006,31,2,36,1.03,3,357,154,34.9514563106796,15.5
"strict","Private room",2008,189,3,10,1.06,5,89,947,9.43396226415094,10.3333333333333
"strict","Entire home/apt",2019,105,5,10,0.17,5,36,525,58.8235294117647,6.2
"strict","Private room",2007,92,1,2,0.09,2,0,462,22.2222222222222,31
"moderate","Private room",2013,91,2,80,3.11,4,3,455,25.7234726688103,15.5
"moderate","Private room",2011,73,3,36,1.29,4,308,365,27.906976744186,10.3333333333333
"flexible","Entire home/apt",2017,153,3,7,0.41,2,0,767,17.0731707317073,10.3333333333333
"flexible","Private room",2021,198,3,10,0.33,5,179,990,30.3030303030303,10.3333333333333
"moderate","Private room",2022,124,1,108,3.8,5,243,619,28.4210526315789,31
"flexible","Entire home/apt",2010,238,4,71,2.3,2,230,1191,30.8695652173913,7.75
"flexible","Entire home/apt",2015,97,1,1,0.02,1,225,487,50,31
"moderate","Private room",2018,102,4,126,3.81,2,163,508,33.0708661417323,7.75
"moderate","Private room",2008,157,5,2,0.14,3,0,783,14.2857142857143,6.2
"flexible","Entire home/apt",2017,68,2,7,0.47,4,342,342,14.8936170212766,15.5
"moderate","Private room",2017,183,4,1,0.05,4,0,916,20,7.75
"flexible","Entire home/apt",2010,95,3,23,0.51,5,2,477,45.0980392156863,10.3333333333333
"flexible","Private room",2009,147,1,9,3.38,2,273,733,2.66272189349112,31
"flexible","Private room",2005,237,1,1,0.06,2,364,1184,16.6666666666667,31
"flexible","Entire home/apt",2019,192,1,3,3,2,228,958,1,31
"moderate","Entire home/apt",2005,52,1,1,0.48,2,365,258,2.08333333333333,31
"moderate","Private room",2021,200,7,11,0.26,1,211,1000,42.3076923076923,4.42857142857143
"moderate","Private room",2003,162,2,216,2.66,2,286,811,81.203007518797,15.5
"moderate","Private room",2012,180,4,61,2.81,4,178,900,21.7081850533808,7.75
"strict","Private room",2015,105,5,5,0.93,5,69,525,5.37634408602151,6.2
"flexible","Private room",2007,118,2,19,1.23,4,149,589,15.4471544715447,15.5
"flexible","Entire home/apt",2016,50,1,1,0.02,5,157,248,50,31
"strict","Private room",2004,179,3,3,0.11,1,0,897,27.2727272727273,10.3333333333333
"moderate","Entire home/apt",2019,38,2,2,0.06,4,0,192,33.3333333333333,15.5
"moderate","Private room",2012,234,55,4,0.17,1,0,1168,23.5294117647059,0.563636363636364
"flexible","Entire home/apt",2004,147,2,24,3.87,3,160,737,6.2015503875969,15.5
"moderate","Entire home/apt",2018,26,2,17,4.77,3,229,128,3.56394129979036,15.5
"strict","Private room",2017,28,15,2,0.07,5,0,138,28.5714285714286,2.06666666666667
"strict","Private room",2020,137,2,19,0.73,1,0,685,26.027397260274,15.5
"strict","Private room",2004,198,2,259,5.44,5,308,989,47.6102941176471,15.5
"strict","Entire home/apt",2004,238,2,51,5.39,5,15,1189,9.46196660482375,15.5
"moderate","Private room",2018,65,2,33,0.7,5,370,323,47.1428571428571,15.5
"strict","Private room",2009,65,1,70,3.55,4,283,323,19.7183098591549,31
"strict","Private room",2012,70,30,2,0.25,2,0,350,8,1.03333333333333
"flexible","Entire home/apt",2010,55,3,18,0.44,5,333,273,40.9090909090909,10.3333333333333
"strict","Private room",2009,17,3,100,2.81,3,0,87,35.5871886120996,10.3333333333333
"moderate","Private room",2004,83,21,1,0.03,5,0,413,33.3333333333333,1.47619047619048
"flexible","Private room",2015,194,2,3,1.13,3,179,971,2.65486725663717,15.5
"moderate","Private room",2021,165,4,16,5,4,166,824,3.2,7.75
"flexible","Entire home/apt",2022,186,2,4,0.16,4,0,929,25,15.5
"strict","Entire home/apt",2019,93,3,7,0.7,2,0,466,10,10.3333333333333
"moderate","Private room",2014,90,7,2,1.62,4,68,449,1.23456790123457,4.42857142857143
"moderate","Entire home/apt",2006,197,2,1,0.06,5,342,984,16.6666666666667,15.5
"strict","Private room",2011,127,1,40,0.62,4,353,634,64.5161290322581,31
"strict","Entire home/apt",2013,98,12,11,0.39,3,0,490,28.2051282051282,2.58333333333333
"flexible","Private room",2019,226,1,3,0.13,1,0,1130,23.0769230769231,31
"strict","Private room",2016,141,1,4,1.58,3,315,707,2.53164556962025,31
"flexible","Entire home/apt",2016,152,1,29,1.44,5,177,759,20.1388888888889,31
"moderate","Private room",2013,198,2,206,2.48,2,180,989,83.0645161290323,15.5
"moderate","Entire home/apt",2007,106,5,4,0.06,5,0,532,66.6666666666667,6.2
"strict","Entire home/apt",2019,181,3,14,3.65,3,76,904,3.83561643835616,10.3333333333333
"strict","Private room",2006,234,30,3,0.18,4,365,1169,16.6666666666667,1.03333333333333
"moderate","Entire home/apt",2007,69,2,14,5,5,32,343,2.8,15.5
"strict","Private room",2010,229,2,3,0.09,5,253,1143,33.3333333333333,15.5
"flexible","Entire home/apt",2018,179,6,25,0.65,2,40,894,38.4615384615385,5.16666666666667
"flexible","Private room",2020,61,2,28,0.55,4,72,304,50.9090909090909,15.5
"flexible","Entire home/apt",2009,27,1,3,0.06,3,179,137,50,31
"strict","Private room",2008,69,1,38,3.52,3,363,344,10.7954545454545,31
"moderate","Entire home/apt",2010,104,3,106,1.42,5,227,520,74.6478873239437,10.3333333333333
"moderate","Entire home/apt",2011,20,7,3,0.3,2,44,99,10,4.42857142857143
"moderate","Private room",2010,92,1,151,3.17,4,134,462,47.6340694006309,31
"strict","Shared room",2014,162,1,24,0.67,2,84,812,35.8208955223881,31
"flexible","Entire home/apt",2021,45,2,5,2.94,5,298,224,1.70068027210884,15.5
"flexible","Entire home/apt",2013,12,4,78,2.6,2,29,59,30,7.75
"moderate","Entire home/apt",2015,69,2,34,4.06,4,12,343,8.3743842364532,15.5
"moderate","Private room",2019,95,6,3,0.07,3,290,475,42.8571428571429,5.16666666666667
"moderate","Entire home/apt",2016,143,30,55,0.54,5,16,717,101.851851851852,1.03333333333333
"moderate","Entire home/apt",2017,115,1,1,1,3,356,573,1,31
"flexible","Entire home/apt",2010,60,2,43,1.32,5,0,301,32.5757575757576,15.5
"flexible","Entire home/apt",2018,27,5,24,1.39,5,37,134,17.2661870503597,6.2
"moderate","Entire home/apt",2005,181,30,1,0.11,3,352,906,9.09090909090909,1.03333333333333
"strict","Entire home/apt",2003,121,3,51,1.14,5,30,604,44.7368421052632,10.3333333333333
"moderate","Private room",2012,96,5,3,0.31,4,0,478,9.67741935483871,6.2
"moderate","Entire home/apt",2019,183,30,1,0.15,4,108,917,6.66666666666667,1.03333333333333
"strict","Private room",2016,80,1,360,4.79,4,273,400,75.1565762004175,31
"strict","Private room",2020,165,30,11,0.79,4,257,823,13.9240506329114,1.03333333333333
"strict","Entire home/apt",2009,172,1,3,3,2,65,861,1,31
"strict","Entire home/apt",2015,146,2,18,0.26,3,108,728,69.2307692307692,15.5
"strict","Private room",2010,97,1,20,4.29,3,7,487,4.66200466200466,31
"moderate","Private room",2005,123,1,3,3,4,361,613,1,31
"flexible","Entire home/apt",2012,125,2,12,0.41,3,0,626,29.2682926829268,15.5
"moderate","Entire home/apt",2005,50,30,9,0.19,4,330,252,47.3684210526316,1.03333333333333
"flexible","Entire home/apt",2022,135,2,8,0.34,5,5,675,23.5294117647059,15.5
"strict","Private room",2005,223,4,1,1,5,15,1114,1,7.75
"moderate","Private room",2016,198,1,12,0.35,5,170,989,34.2857142857143,31
"moderate","Private room",2019,131,1,10,1.13,4,4,655,8.8495575221239,31
"flexible","Entire home/apt",2020,205,30,32,0.56,4,38,1026,57.1428571428571,1.03333333333333
"moderate","Entire home/apt",2022,226,1,80,2.32,4,73,1128,34.4827586206897,31
"flexible","Private room",2009,177,1,4,0.15,5,0,886,26.6666666666667,31
"flexible","Private room",2006,179,2,24,2.93,4,337,893,8.19112627986348,15.5
"strict","Entire home/apt",2014,47,1,54,1.15,3,365,235,46.9565217391304,31
"strict","Private room",2005,124,3,6,0.52,3,0,622,11.5384615384615,10.3333333333333
"moderate","Private room",2005,208,1,38,2.61,3,0,1040,14.5593869731801,31
"strict","Entire home/apt",2013,98,4,3,0.13,4,0,491,23.0769230769231,7.75
"flexible","Entire home/apt",2017,152,1,5,0.66,3,3,761,7.57575757575758,31
"moderate","Private room",2005,112,7,3,0.19,5,357,560,15.7894736842105,4.42857142857143
"flexible","Private room",2014,105,1,2,0.23,3,180,524,8.69565217391304,31
"strict","Private room",2010,166,7,99,1.28,4,90,829,77.34375,4.42857142857143
"moderate","Private room",2017,47,6,3,0.11,5,33,237,27.2727272727273,5.16666666666667
"strict","Private room",2012,158,1,12,0.33,4,0,790,36.3636363636364,31
"strict","Entire home/apt",2014,234,30,11,0.21,4,186,1172,52.3809523809524,1.03333333333333
"strict","Entire home/apt",2005,117,30,10,0.42,2,278,585,23.8095238095238,1.03333333333333
"strict","Entire home/apt",2022,84,2,20,1.17,1,0,418,17.0940170940171,15.5
"flexible","Private room",2013,130,7,8,0.26,1,0,648,30.7692307692308,4.42857142857143
"moderate","Entire home/apt",2014,132,2,3,0.26,5,0,662,11.5384615384615,15.5
"strict","Shared room",2022,27,1,5,1.38,2,365,137,3.6231884057971,31
"moderate","Entire home/apt",2013,98,12,11,0.39,3,0,490,28.2051282051282,2.58333333333333
"strict","Shared room",2006,202,1,116,4.09,3,5,1011,28.361858190709,31
"flexible","Private room",2019,190,1,10,0.76,4,62,951,13.1578947368421,31
"strict","Private room",2017,28,1,24,4.16,3,242,142,5.76923076923077,31
"moderate","Entire home/apt",2006,67,2,24,0.53,1,296,334,45.2830188679245,15.5
"strict","Private room",2006,213,3,5,0.22,2,0,1065,22.7272727272727,10.3333333333333
